Method,VaR_return,ES_return,VaR_EUR,ES_EUR
Normal,0.020215845230063978,0.023219790439306384,20215.845230063976,23219.790439306384
Student-t (df=5),0.022698984114275834,0.030166361556976082,22698.984114275834,30166.361556976084
Historical,0.023886223702555665,0.03711253831718487,23886.223702555664,37112.53831718487
