,MSFT,SHEL,JPM,^GSPC,EURUSD=X,LOAN
MSFT,0.00027716574971109486,3.9492391095274574e-05,8.394032249601194e-05,0.00013729394637188104,-8.981126729645826e-07,-2.719541823937074e-06
SHEL,3.9492391095274574e-05,0.00013852658623221081,7.299009561139028e-05,5.880098803698779e-05,-1.8130023106588035e-06,-5.417387151023339e-06
JPM,8.394032249601194e-05,7.299009561139028e-05,0.0002421160495067916,0.00011490866808946939,1.094985957850933e-06,-1.2108302380146667e-05
^GSPC,0.000137293946371881,5.8800988036987796e-05,0.0001149086680894694,0.00013683893825047104,1.0348328345444763e-06,-4.077376654679991e-06
EURUSD=X,-8.981126729645825e-07,-1.8130023106588038e-06,1.0949859578509328e-06,1.0348328345444763e-06,2.1590287113276325e-05,4.4375180325769014e-08
LOAN,-2.7195418239370744e-06,-5.417387151023339e-06,-1.2108302380146668e-05,-4.07737665467999e-06,4.437518032576901e-08,4.96539572512837e-06
