Method,VaR_return,ES_return,VaR_EUR,ES_EUR
FHS-EWMA,0.022562150086181544,0.029074389306720346,22562.15008618154,29074.389306720346
