Asset,Current_EWMA_Vol
MSFT,0.016885613566073016
SHEL,0.013610695611318375
JPM,0.013961796121923744
^GSPC,0.009683253750432148
EURUSD=X,0.004718956301368346
LOAN,0.002226137376903776
